name,category,location,rating,rating_num,review_num,open_hour,link,Americano,menu,user_id,user_review_count,user_rating_avg,star,date,title,contents,hashtag,blog,noun,adj
아마스빈 부천옥길점,카페,경기 부천시 옥길로 117,3.5,2,1,,https://place.map.kakao.com/1537535070,,"{'하동녹차버블티': '하동녹차버블티', '오레오쉐이크': '오레오쉐이크', '사하라': '사하라', '아메리카노': '아메리카노', '카페라떼': '카페라떼', '얼그레이 밀크티': '얼그레이 밀크티', '': ''}",ㅇㅇ,3,1.3,40,2022-03-15 0:00,,"[('티라미슈', 'Noun'), ('맛없다', 'Adjective'), ('우유', 'Noun'), ('크림', 'Noun'), ('초코', 'Noun'), ('맛', 'Noun'), ('좋다', 'Adjective')]",,,"['티라미슈', '라떼', '정말', '어요', '그냥', '우유', '크림', '것', '처럼', '초코', '커피', '맛', '안']","['맛없다', '좋다']"
카페드니스,카페,서울 구로구 중앙로15길 100-9,5,1,1,,https://place.map.kakao.com/1610756283,,{},노희승,3,2.3,100,2021-11-12 0:00,,"[('할인', 'Noun'), ('원두', 'Noun'), ('좋다', 'Adjective'), ('아메리카노', 'Noun'), ('혜자', 'Noun'), ('좋다', 'Adjective')]",,,"['요즘', '할인', '행사', '진행중', '원두', '아메리카노', '리카', '노리', '카노', '리카', '노리', '카노', '천원', '혜자', '강림']","['좋다', '좋다']"
카페드니스,카페,서울 구로구 중앙로15길 100-9,5,1,1,,https://place.map.kakao.com/1610756283,,{},김수연,,,,2021-07-06 16:10,무인카페머신으로 꼭 창업을 해야겠다면!,"[('유명하다', 'Verb'), ('많다', 'Adjective'), ('저렴', 'Noun'), ('원하다', 'Adjective'), ('원두', 'Noun'), ('쓰다', 'Verb'), ('원두', 'Noun'), ('컵', 'Noun'), ('얼음', 'Noun'), ('컵', 'Noun'), ('애완동물', 'Noun'), ('애완동물', 'Noun'), ('컵', 'Noun'), ('많다', 'Adverb'), ('좋다', 'Adjective'), ('컵', 'Noun'), ('장점', 'Noun'), ('가격', 'Noun'), ('대화', 'Noun'), ('많다', 'Adverb'), ('괜찮다', 'Adjective'), ('원두', 'Noun'), ('마음껏', 'Noun'), ('쓰다', 'Verb'), ('원두', 'Noun'), ('쓰다', 'Verb'), ('많다', 'Adjective'), ('방문', 'Noun'), ('에이드', 'Noun'), ('불편', 'Noun'), ('방문', 'Noun'), ('에이드', 'Noun'), ('맛', 'Noun'), ('다르다', 'Adjective'), ('애완동물', 'Noun'), ('바깥', 'Josa'), ('없다', 'Adjective'), ('애완동물', 'Noun'), ('안좋다', 'Adjective'), ('합리적이다', 'Noun'), ('쓰다', 'Verb'), ('쓰다', 'Verb'), ('합리적이다', 'Noun'), ('좋다', 'Adjective'), ('쓰다', 'Verb'), ('신중하다', 'Noun'), ('좋다', 'Adjective'), ('요정', 'Noun'), ('맛', 'Noun'), ('가격', 'Noun'), ('신중하다', 'Noun'), ('많다', 'Adverb'), ('쓰다', 'Verb'), ('원두', 'Noun'), ('좋다', 'Adjective'), ('매장', 'Noun'), ('쓰다', 'Verb'), ('운영', 'Noun'), ('흔하다', 'Adjective'), ('컵', 'Noun'), ('달다', 'Verb'), ('방문', 'Noun')]",[''],http://blog.naver.com/live5052/222422194635,"['안녕', '오늘', '요즘', '핫', '무인', '카페', '머신', '대해', '아무', '도', '언텍트', '시대', '발', '무인', '카페', '지고', '창업', '대한', '수요', '증가', '머신', '정', '리해', '드릴', '거', '무인', '카페', '머신', '머신', '고장', '안나', '저렴', '내', '만큼', '원두', '재료', '가장', '중요', '간단', '정리', '시간', '보도', '록', '습', '다그', '럼', '고고씽', '첫', '무인', '카페', '머신', '때', '원두', '보관', '량', '컵', '보관', '량', '얼음', '생', '성량', '제', '경험', '상', '컵', '애완동물', '애완동물', '정도', '못', '어가', '말', '무인', '이지', '매일', '매일', '컵', '현상', '발생', '수도', '카페', '드니', '스', '요즘', '제품', '중', '밴딩형', '일체', '형', '제품', '제품', '손', '제일', '간다', '고생', '각', '그', '래서', '만하', '기계', '때', '분리', '형', '제품', '사용', '가장', '습', '다한', '달', '고장', '컵', '무인', '카페', '장점', '즐', '기지', '두번째', '가격', '기능', '연한', '얘기', '무인', '카페', '머신', '요즘', '시중', '가장', '성비', '성능', '카페', '드니', '스', '이', '제일', '어요', '각자', '기계', '은', '곳', '원두', '재료', '제', '맘대로', '기계', '산곳', '구입', '곳도', '실화', '만약', '해당', '원두', '고합', '다그', '리', '가장', '가맹', '점', '또', '다른', '곳', '방문', '에이드', '기계', '어서', '불편', '제', '여러', '가게', '방문', '경험', '상', '무인', '카페', '머신', '에이드', '액', '상형', '제일', '맛', '또', '기계', '마다', '보일러', '히트', '펌프', '애완동물', '장', '기적', '볼때', '애완동물', '인적', '생각', '위', '기준', '충', '족하', '기계', '무인', '카페', '머신', '이', '제일', '합리', '적', '다세', '사후관리', '어쩌면', '가장', '중요', '사후', '소프트웨어', '업데이트', '제일', '중요', '요소', '중하', '일수', '래서', '제', '밴딩형', '거라눙', '만약', '다가', '고장', '게', '무인', '카페', '머신', '업체', '거나', '사라', '지고', '나', '라라', '거나', '추후', '기능', '추가', '해달', '세월', '경우', '카페', '드니', '스', '기계', '경우', '소프트웨어', '업데이트', '재료', '까지', '합리', '적', '사용', '어서', '다가', '고장', '더라도', '년', '이상', '커피머신', '제조', '온', '업체', '기', '때문', '전국', '각지', '대리점', '어서', '하루', '이틀', '가능', '하니', '구매', '때', '신중하', '선택', '요정', '리해', '말씀', '드', '리자', '무인', '카페', '머신', '시기', '전', '감언이설', '속지', '맛', '가격', '사후관리', '기능', '까지', '고려', '신중하', '골', '라주시', '창업', '미덕', '투자', '버는', '미덕', '제', '시장조사', '및', '사용', '결과', '분리', '형', '머신', '것', '원두', '재료', '제', '마음대로', '곳', '구매', '가장', '의', '매장', '카페', '드니', '스', '머신', '운영', '한지', '좀', '그', '컵', '똑똑', '현명', '소비', '도록', '모두', '모두', '발품', '팔', '밑', '카페', '드니', '스', '본사', '주소', '방문', '발품', '팔', '아보', '요', '오늘', '포스팅', '여기', '아디오스', '카페', '드', '니스', '서울특별시', '구로구', '중앙', '길', '카페', '드', '니스', '서울특별시', '구로구', '중앙', '길', '무인', '카페', '머신', '카페', '드니', '스', '대표', '번호']","['많다', '어떻다', '원하다', '있다', '있다', '이렇다', '좋다', '안되다', '이다', '괜찮다', '있다', '있다', '안되다', '많다', '있다', '있다', '다르다', '없다', '안좋다', '이다', '있다', '있다', '같다', '좋다', '있다', '좋다', '같다', '같다', '좋다', '같다', '흔하다']"
폴렌,커피전문점,서울 구로구 개봉로2길 133-25,5,2,5,매일 13:00 ~ 19:00,https://place.map.kakao.com/198935978,,{},ㅇㅈ,57,3.8,100,2022-09-02 0:00,,"[('친절', 'Noun'), ('맛', 'Noun'), ('잇다', 'Verb'), ('좋다', 'Adjective'), ('외부', 'Noun'), ('좋다', 'Adjective')]",,,"['친절', '맛', '무엇', '외부', '눈', '안', '어서', '안타', '깝']","['좋다', '좋다']"
폴렌,커피전문점,서울 구로구 개봉로2길 133-25,5,2,5,매일 13:00 ~ 19:00,https://place.map.kakao.com/198935978,,{},sophie,2,5,100,2022-04-16 0:00,,"[('분위기', 'Noun'), ('예쁘다', 'Adjective'), ('맛있다', 'Adjective'), ('크로플', 'Noun'), ('먹다', 'Verb'), ('좋다', 'Adjective')]",,,"['분위기', '어요', '담', '크로플', '어보', '가야']","['예쁘다', '맛있다', '좋다']"
폴렌,커피전문점,서울 구로구 개봉로2길 133-25,5,2,5,매일 13:00 ~ 19:00,https://place.map.kakao.com/198935978,,{},너티,,,,2022-09-07 12:32,개봉동 카페::샌드위치가 실한 폴렌(Pollen),"[('애완동물', 'Noun'), ('창', 'Noun'), ('애완동물', 'Noun'), ('애완동물', 'Noun'), ('위치', 'Noun'), ('쓰다', 'Verb'), ('열정', 'Noun'), ('아파트', 'Noun'), ('엄마', 'Noun'), ('많다', 'Adverb'), ('오다', 'Verb'), ('창가', 'Noun'), ('메뉴', 'Noun'), ('사진', 'Noun'), ('가격', 'Noun'), ('좋다', 'Adjective'), ('넓다', 'Adjective'), ('분위기', 'Noun'), ('인테리어', 'Noun'), ('답답하다', 'Adjective'), ('메뉴', 'Noun'), ('샌드위치', 'Noun'), ('아메리카노', 'Noun'), ('세트', 'Noun'), ('먹다', 'Verb'), ('오다', 'Verb'), ('샌드위치', 'Noun'), ('먹다', 'Verb'), ('요요', 'Noun'), ('케이크', 'Noun'), ('휘낭시에', 'Noun'), ('달다', 'Noun'), ('먹다', 'Verb'), ('건강', 'Noun'), ('샌드위치', 'Noun'), ('먹다', 'Verb'), ('샐러드', 'Noun'), ('먹다', 'Verb'), ('좋다', 'Adjective'), ('창가', 'Noun'), ('자리', 'Noun'), ('혼자', 'Noun'), ('와이파이', 'Noun'), ('배려', 'Noun'), ('최고', 'Modifier'), ('아침', 'Noun'), ('세트', 'Noun'), ('샌드위치', 'Noun'), ('계란', 'Exclamation'), ('샌드위치', 'Noun'), ('아메리카노', 'Noun'), ('아침', 'Noun'), ('세트', 'Noun'), ('아침', 'Noun'), ('지루하다', 'Noun'), ('아침', 'Noun'), ('세트', 'Noun'), ('샌드위치', 'Noun'), ('많다', 'Adjective'), ('컵', 'Noun'), ('작다', 'Adjective'), ('아메리카노', 'Noun'), ('마시다', 'Verb'), ('쓰다', 'Verb'), ('쓰다', 'Verb'), ('쓰다', 'Verb'), ('입', 'Noun'), ('쓰다', 'Verb'), ('원두', 'Noun'), ('라떼', 'Noun'), ('우유', 'Noun'), ('우유', 'Noun'), ('시럽', 'Noun'), ('맛있다', 'Adjective'), ('마시다', 'Verb'), ('치즈', 'Noun'), ('계란', 'Noun'), ('토마토', 'Noun'), ('실하다', 'Adjective'), ('샌드위치', 'Noun'), ('아삭아삭', 'Adverb'), ('소스', 'Noun'), ('맛있다', 'Adjective'), ('빵', 'Noun'), ('호밀빵', 'Noun'), ('건강', 'Noun'), ('먹다', 'Verb'), ('먹다', 'Verb'), ('먹다', 'Verb'), ('화장실', 'Noun'), ('아기자기', 'Noun'), ('소품', 'Noun'), ('화장실', 'Noun'), ('좋다', 'Adjective'), ('신경', 'Noun'), ('쓰다', 'Verb'), ('물티슈', 'Noun'), ('친절', 'Noun'), ('손님', 'Noun'), ('친절', 'Noun')]","['태그', '내돈내산', '카페', '카페투어', '구로카페', '구로구카페', '개봉동카페', '개봉역카페', '개봉카페', '폴렌', '카페폴렌', '개봉동폴렌', '모닝세트', '샌드위치']",http://blog.naver.com/ninosukiyo/222869161064,"['폴렌', '돈', '산', '폴렌', '서울특별시', '구로구', '애완동물', '봉로', '길', '층폴', '렌주', '구장', '창', '애완동물', '봉동', '적', '소만', '더니', '포스팅', '소재', '그', '래서', '새', '카페', '애완동물', '봉동', '위치', '폴렌', '카페', '저희', '집', '도보', '분양', '산', '열심', '참고', '현재', '폴렌', '폴렌', '대한', '포스팅', '중', '아파트', '단지', '사이', '폴렌', '현대', '홈', '타운', '단지', '정문', '바로', '앞', '어요', '그', '래서', '어머님', '모임', '층', '어서', '계단', '총총', '총', '라가', '계단', '창가', '메뉴', '사진', '가격', '미리', '볼', '수', '생각', '고깔', '분위기', '인테리어', '테이블', '간', '거리', '어서', '카페', '폴렌', '메뉴판', '저', '샌드위치', '아메리카노', '리카', '노리', '카노', '리카', '노리', '카노', '리카', '노', '세트', '어요', '카페', '샌드위치', '안', '요요', '즘', '케이크', '휘낭시에', '달달', '것', '것', '그것', '공복', '건강', '생각', '샌드위치', '보기', '한거죵', '샐러드', '풀때기', '때', '것', '창가', '자리', '어서', '혼자', '눈치', '안', '것', '테이블', '마다', '옆', '와이파이', '비번', '어요', '배려', '심', '제', '주문', '모닝', '세트', '원기', '샌드위치', '샌드위치', '아메리카노', '리카', '노리', '카노', '리카', '노리', '카노', '리카', '노조', '합', '모닝', '세트', '아침', '시시', '까지', '주문', '가능', '제', '주문', '모닝', '세트', '카운터', '다야', '채', '듬뿍', '어간', '샌드위치', '아아', '양', '컵', '살짝', '빈', '정상', '함', '아메리카노', '리카', '노리', '카노', '리카', '노리', '카노', '리카', '노', '쭈욱', '와우', '진짜', '스벅', '가요', '스벅', '안감', '제', '입', '원두', '줄', '카페라떼', '걸', '어요', '우유', '어간', '거나', '우유', '시럽', '조합', '것', '면', '연하', '것', '방법', '일', '것', '햄', '치즈', '계란', '토마토', '양상추', '어간', '샌드위치', '양상추', '싱싱', '소스', '어요', '빵', '호밀빵', '건강', '느낌', '한쪽', '고도', '배', '저', '한쪽', '시간', '후', '나머지', '한쪽', '어요', '화장실', '카페', '안', '남녀', '공용', '넓고깨끗', '아기자기', '소품', '화장실', '수건', '코로나', '시국', '핸드', '더', '것', '사장', '카페', '여기저기', '신경', '게', '곳', '어요', '물병', '곳', '티슈', '게', '물티슈', '고', '친절', '손님', '대하', '모습', '친절', '함']","['있다', '이다', '있다', '있다', '그렇다', '있다', '있다', '좋다', '넓다', '이다', '있다', '답답하다', '같다', '같다', '좋다', '같다', '있다', '같다', '이다', '많다', '작다', '그렇다', '맛있다', '같다', '같다', '실하다', '맛있다', '있다', '있다', '좋다', '같다', '계시다', '있다', '있다']"
폴렌,커피전문점,서울 구로구 개봉로2길 133-25,5,2,5,매일 13:00 ~ 19:00,https://place.map.kakao.com/198935978,,{},조디,,,,2022-07-20 8:00,브런치 먹기 좋은 카페 '폴랜 Pollen'(개봉동)_맛집솔직후기,"[('오다', 'Verb'), ('애완동물', 'Noun'), ('방문', 'Noun'), ('외관', 'Noun'), ('외관', 'Noun'), ('이쁘다', 'Adjective'), ('오다', 'Verb'), ('오후', 'Noun'), ('인테리어', 'Noun'), ('좋다', 'Adjective'), ('흰색', 'Noun'), ('분위기', 'Noun'), ('좋다', 'Adjective'), ('아침식사', 'Noun'), ('주말', 'Noun'), ('아침식사', 'Noun'), ('좋다', 'Adjective'), ('메뉴', 'Noun'), ('음료', 'Noun'), ('샌드위치', 'Noun'), ('크로플', 'Noun'), ('가격', 'Noun'), ('비싸다', 'Adjective'), ('좋다', 'Adjective'), ('에이드', 'Noun'), ('음료', 'Noun'), ('상큼하다', 'Noun'), ('청귤', 'Noun'), ('에이드', 'Noun'), ('먹다', 'Verb'), ('수박', 'Noun'), ('에이드', 'Noun'), ('수박', 'Noun'), ('과일', 'Noun'), ('과일', 'Noun'), ('과일주스', 'Noun'), ('많다', 'Adverb'), ('에이드', 'Noun'), ('신기하다', 'Noun'), ('수박', 'Noun'), ('에이드', 'Noun'), ('수박', 'Noun'), ('에이드', 'Noun'), ('수박', 'Noun'), ('큼지막하다', 'Adjective'), ('씹다', 'Verb'), ('에이드', 'Noun'), ('애완동물', 'Noun'), ('수박', 'Noun'), ('과일', 'Noun'), ('과일', 'Noun'), ('과일', 'Noun'), ('과일주스', 'Noun'), ('맛있다', 'Adjective'), ('맛있다', 'Adjective'), ('에이드', 'Noun'), ('달다', 'Noun'), ('에이드', 'Noun'), ('수박', 'Noun'), ('씹다', 'Verb'), ('맛', 'Noun'), ('청귤', 'Noun'), ('에이드', 'Noun'), ('청귤', 'Noun'), ('에이드', 'Noun'), ('맛있다', 'Adjective'), ('상큼하다', 'Noun'), ('달다', 'Noun'), ('좋다', 'Adjective'), ('맛', 'Noun'), ('여름', 'Noun'), ('좋다', 'Adjective'), ('음료', 'Noun'), ('많다', 'Adverb'), ('마시다', 'Verb'), ('마시다', 'Verb'), ('맛있다', 'Adjective'), ('좋다', 'Adjective'), ('시나몬', 'Noun'), ('크로플', 'Noun'), ('시나몬', 'Noun'), ('크로플', 'Noun'), ('촉촉하다', 'Adjective'), ('크로플', 'Noun'), ('실패', 'Noun'), ('없다', 'Adjective'), ('달다', 'Noun'), ('맛있다', 'Adjective'), ('놀라다', 'Noun'), ('먹다', 'Verb'), ('혜자', 'Noun'), ('애완동물', 'Noun'), ('맛', 'Noun'), ('음료', 'Noun'), ('크로플', 'Noun'), ('맛있다', 'Adjective'), ('아침식사', 'Noun'), ('먹다', 'Verb'), ('좋다', 'Adjective'), ('좋다', 'Adjective'), ('분위기', 'Noun'), ('좋다', 'Adjective'), ('분위기', 'Noun'), ('좋다', 'Adjective'), ('가격', 'Noun'), ('가격', 'Noun'), ('없다', 'Adjective'), ('무난하다', 'Noun'), ('저렴', 'Noun'), ('좋다', 'Adjective'), ('아침식사', 'Noun'), ('재방문', 'Noun'), ('샌드위치', 'Noun'), ('아침식사', 'Noun'), ('먹다', 'Verb'), ('오다', 'Verb')]","['태그', '폴랜', 'pollen', '개봉동카페', '개봉동데이트', '개봉동브런치', '개봉동브런치카페', '개봉브런치카페', '개봉카페', '개봉역카페', '개봉역데이트', '개봉역브런치카페']",http://blog.naver.com/jodijang/222807029927,"['맑음', '애완동물', '봉집', '바로', '앞', '카페', '폴랜', '방문', '외관', '뭔가', '외관', '때', '카페', '일', '거', '생각', '안', '영업', '시간', '탈랜트', '흔적', '일요일', '오후', '시부', '터', '영업', '부안', '인테리어', '아주', '화이트', '계열', '분위기', '진짜', '아보', '다집', '앞', '아침밥', '카페', '생기', '니', '주말', '아침밥', '나', '오기', '아보', '메뉴판', '및', '가격표', '음료', '양하', '팔고', '샌드위치', '크로플', '양하', '다음', '료', '가격', '더', '에이드', '각', '원', '음료', '금방', '준비', '다나', '상큼', '청귤', '에이드', '맑음', '처음', '어보', '수박', '에이드', '주문', '수박', '과일', '일과', '일', '과일', '과일주스', '어도', '에이드', '처음', '신기', '수박', '에이드', '원', '수박', '에이드', '수박', '알갱이', '에이드', '애완동물', '인적', '수박', '그냥', '과일', '과일', '일', '과일', '과일주스', '특이', '느낌', '다수', '박의', '달기', '에이드', '밍밍', '달달', '에이드', '밍밍', '수박', '중간', '중간', '맛', '랄', '청귤', '에이드', '청귤', '에이드', '아주', '상큼', '시', '달콤', '내', '아하', '맛', '여름', '먹기', '음료', '다양', '짐', '허니', '시나몬', '크로플', '원', '허니', '시나몬', '크로플', '바삭', '크로플', '뭐', '실패', '수가', '달달', '눈', '깜짝', '세', '원', '두', '덩이', '혜자', '움', '폴렌', '서울특별시', '구로구', '애완동물', '봉로', '길', '층', '맛', '평가', '음료', '크로플', '아침밥', '나', '오기', '카페', '다양', '짐', '분위기', '분위기', '가격', '가격', '특별', '무난', '느낌', '었는데양', '저렴', '편', '다가', '성비', '아침밥', '카페', '재방문', '의사', '중', '샌드위치', '아침밥', '보고', '별', '점점', '점']","['이쁘다', '있다', '좋다', '좋다', '이렇다', '좋다', '있다', '비싸다', '좋다', '큼지막하다', '맛있다', '맛있다', '맛있다', '좋다', '좋다', '맛있다', '좋다', '촉촉하다', '없다', '맛있다', '스럽다', '맛있다', '좋다', '좋다', '좋다', '좋다', '없다', '같다', '좋다']"
카페게이트 광명아크포레점,카페,경기 광명시 새터로 44-7 아크포레자이위브상가동 B3층 115호,5,1,0,월~금 07:00 ~ 22:00,https://place.map.kakao.com/1076267420,,{'추천': '2700'},톰,7,2.7,100,2022-01-10 0:00,,"[('자주', 'Noun'), ('디저트', 'Noun'), ('정성', 'Noun'), ('맛있다', 'Adjective'), ('먹다', 'Verb'), ('손님', 'Noun'), ('웃다', 'Verb'), ('좋다', 'Adjective')]",,,"['자주', '카페', '커피', '디저트', '정성', '항상', '어요', '사장', '손님', '기억', '친', '절하', '대해', '때', '마다', '한참', '가요']","['맛있다', '좋다']"
편한커피,커피전문점,서울 구로구 개봉로1나길 8,3,2,0,,https://place.map.kakao.com/480902759,,{},hansol,1,1,20,2022-12-01 0:00,,"[('입가심', 'Noun'), ('자판기', 'Noun'), ('모르다', 'Verb'), ('자판기', 'Noun'), ('장사', 'Noun'), ('좋다', 'Adjective')]",,,"['카페', '밀크티', '입가심', '젤리', '려고', '자판기', '고장', '인지', '의', '도적', '인지', '젤리', '자판기', '고장', '이면', '꼭', '고치시', '길', '바', '면', '장사']",['좋다']
편한커피,커피전문점,서울 구로구 개봉로1나길 8,3,2,0,,https://place.map.kakao.com/480902759,,{},rileyy,7,3.6,100,2021-10-04 0:00,,"[('저렴', 'Noun'), ('위치', 'Noun'), ('자주', 'Noun'), ('이용하다', 'Noun'), ('원두', 'Noun'), ('디카페인', 'Noun'), ('좋다', 'Adjective'), ('먹다', 'Verb'), ('좋다', 'Adjective')]",,,"['저렴', '기도', '집', '앞', '위치', '어서', '자주', '이용', '어요', '사용', '편', '원두', '종류', '두', '가지', '어서', '좋아욤', '디카페인', '커피', '저녁', '때', '어서']","['있다', '있다', '있다', '있다', '좋다', '있다', '좋다']"
스윗다이노 역곡점,디저트카페,경기 부천시 역곡로 11 1층,1,1,13,월~금 08:00 ~ 23:00,https://place.map.kakao.com/363662989,,{},짱나,5,3.4,20,2022-12-01 0:00,,"[('케이크', 'Noun'), ('위생', 'Noun'), ('신경', 'Noun'), ('좋다', 'Adjective')]",,,"['케이크', '때', '위생', '좀', '신경', '주시', '길']",['좋다']
스윗다이노 역곡점,디저트카페,경기 부천시 역곡로 11 1층,1,1,13,월~금 08:00 ~ 23:00,https://place.map.kakao.com/363662989,,{},Cornell,,,,2022-05-31 23:22,스윗했던 부천 역곡감성카페는 스윗다이노,"[('스윗', 'Noun'), ('분위기', 'Noun'), ('새롭다', 'Adjective'), ('오픈', 'Noun'), ('즐겁다', 'Verb'), ('오다', 'Verb'), ('자연', 'Noun'), ('눈길가다', 'Noun'), ('오픈', 'Noun'), ('점심', 'Noun'), ('방문', 'Noun'), ('많다', 'Adjective'), ('즐겁다', 'Adjective'), ('감성', 'Noun'), ('샌드위치', 'Noun'), ('디저트', 'Noun'), ('감성', 'Noun'), ('호박', 'Noun'), ('치즈', 'Noun'), ('가격', 'Noun'), ('품질', 'Noun'), ('높다', 'Adjective'), ('비', 'Noun'), ('샌드위치', 'Noun'), ('즐겁다', 'Verb'), ('추천', 'Noun'), ('수제', 'Noun'), ('샌드위치', 'Noun'), ('만들다', 'Verb'), ('신선하다', 'Noun'), ('좋다', 'Adjective'), ('여름', 'Noun'), ('빙수', 'Noun'), ('식사', 'Noun'), ('즐겁다', 'Verb'), ('좋다', 'Adjective'), ('감성', 'Noun'), ('입구', 'Noun'), ('키오스크', 'Noun'), ('빠르다', 'Adjective'), ('빠르다', 'Adjective'), ('상품', 'Noun'), ('익숙하다', 'Noun'), ('장점', 'Noun'), ('음료', 'Noun'), ('많다', 'Adjective'), ('매장', 'Noun'), ('분위기', 'Noun'), ('고급', 'Noun'), ('예쁘다', 'Adjective'), ('인스타그램', 'Noun'), ('좋다', 'Adjective'), ('애완동물', 'Noun'), ('앉다', 'Verb'), ('공간', 'Noun'), ('내부', 'Noun'), ('공간', 'Noun'), ('카공', 'Noun'), ('좋다', 'Adjective'), ('자리', 'Noun'), ('프사', 'Noun'), ('좋다', 'Adjective'), ('음료', 'Noun'), ('매장', 'Noun'), ('잊다', 'Verb'), ('스무디', 'Noun'), ('흑임자', 'Noun'), ('음료', 'Noun'), ('많다', 'Adjective'), ('넓다', 'Adjective'), ('좋다', 'Adjective'), ('좋다', 'Adjective'), ('많다', 'Adjective'), ('아래', 'Noun'), ('케이크', 'Noun'), ('차갑다', 'Adjective'), ('쫀득', 'Noun'), ('마카롱', 'Noun'), ('맛있다', 'Adjective'), ('좋다', 'Adjective'), ('달다', 'Noun'), ('감성', 'Noun'), ('디저트', 'Noun'), ('토피넛라떼', 'Noun'), ('아인슈페너', 'Noun'), ('치즈케이크', 'Noun'), ('예쁘다', 'Adjective'), ('재미', 'Noun'), ('먹다', 'Noun'), ('기분', 'Noun'), ('고소하다', 'Noun'), ('부드러움', 'Noun'), ('브랜드', 'Noun'), ('맛있다', 'Adjective'), ('좋다', 'Adjective'), ('아인슈페너', 'Noun'), ('카페인', 'Noun'), ('없다', 'Adjective'), ('메뉴', 'Noun'), ('맛', 'Noun'), ('최고', 'Noun'), ('치즈케이크', 'Noun'), ('모르다', 'Verb'), ('먹다', 'Verb'), ('예쁘다', 'Adjective'), ('신경', 'Noun'), ('소품', 'Noun'), ('완벽', 'Noun'), ('치즈', 'Noun'), ('맛', 'Noun'), ('슈가', 'Noun'), ('진하다', 'Adjective'), ('아래', 'Noun'), ('과자', 'Noun'), ('카스텔라', 'Noun'), ('입', 'Noun'), ('알차다', 'Adjective'), ('이름', 'Noun'), ('맛', 'Noun'), ('달다', 'Noun'), ('기분', 'Noun'), ('좋다', 'Adjective'), ('수다', 'Noun'), ('즐겁다', 'Verb'), ('스윗', 'Noun'), ('스윗', 'Noun')]","['태그', '부천카페', '역곡카페', '역곡감성카페', '역곡역카페']",http://blog.naver.com/lnmlnm13/222754216780,"['스윗', '다이노', '역곡역', '북부', '분위기', '깡패', '카페', '오픈', '소식', '방', '문하', '평소', '경인', '문고', '편이', '자연', '스레', '눈길', '곳', '오픈', '시간', '점심', '시간', '까운', '시간대', '방문', '생각', '분', '시간', '역곡', '감성', '카페', '짐', '샌드위치', '부터', '디저트', '가득', '역곡', '감성', '카페', '뚱크', '래미', '뚱', '단호박', '더블', '뚱', '치즈', '햄', '뚱', '참치', '등', '가격', '품질', '가성', '비', '샌드위치', '눈', '요즘', '처럼', '웰빙', '식', '정말', '추천', '수제', '샌드위치', '당일', '어서', '당일', '판매', '때문', '신선', '함', '것', '계절', '여름', '위', '빙수', '준비', '식사', '것', '것', '역곡', '감성', '카페', '입구', '키오스크', '결제', '가능', '근래', '기계로', '주문', '상품', '것', '점점', '익숙', '해지', '시대', '준비', '곳', '장점', '면', '음료', '종류', '정말', '그', '래서', '인지', '대부', '터', '중년', '까지', '다양', '분', '곳', '매장', '안', '분위기', '고급', '지고', '친', '구들', '인스타그램', '그램', '그램', '그램', '그램', '성', '곳', '옆', '테이블', '간격', '적절', '애완동물', '공', '부하', '거나', '별', '과제', '적절', '곳', '우리', '주문', '조금', '더니', '주변', '대학생', '분', '우르르', '이제', '안', '쪽', '공간', '가보', '자가', '장', '안쪽', '비밀', '듯', '공간', '곳', '테이블', '마련', '카공', '는걸', '생각', '자리', '고', '옆', '전신', '거울', '친', '구들', '전신', '샷', '찍', '어서', '프사', '남', '기기', '아보', '인', '음료', '매장', '그것', '것', '다라', '떼', '스무디', '흑임자', '등', '다양', '음료', '선택', '폭', '또', '그', '만큼', '다양', '연령', '층', '먹기', '것', '우리', '아래', '케이크', '것', '잔', '주문', '바삭', '함', '움', '공존', '슈', '쫀득쫀득', '마마', '마마마', '마카롱', '즐', '기면', '달달', '함', '가득', '역곡', '감성', '카페', '커피', '디저트', '토피넛라떼', '인', '아인', '아인', '인', '아인', '아인슈페너', '치즈케이크', '잔', '또', '층', '조합', '인지', '재미', '까지', '커피', '먹음', '직스', '러워', '보이', '효과', '까지', '덤', '기분', '왼쪽', '고소', '부드러움', '물씬', '토피', '넛', '브랜드', '다가', '오늘', '오랜만', '여기', '더', '담', '백해', '오른쪽', '아인', '아인', '인', '아인', '아인', '아인슈페너', '카페인', '려고', '노력', '중이', '포기', '수', '메뉴인', '만큼', '맛', '최고', '다기', '치즈케이크', '처음', '때', '포크', '려고', '사장', '안목', '보이', '그릇', '센스', '가게', '내부', '신경', '고', '하나', '하나', '소품', '부터', '그릇', '까지', '완벽', '다그', '치즈', '맛', '생각', '이', '슈가', '파우더', '면서', '적절', '덕함', '아래', '과자', '카스텔라', '조합', '그대로', '포크', '입', '이름', '만큼', '맛', '까지', '달달', '곳', '오늘', '기분', '수다', '하루', '스윗', '다이노', '경기도', '부천시', '역곡로', '층', '스윗', '다이노']","['새롭다', '많다', '즐겁다', '있다', '높다', '좋다', '같다', '있다', '좋다', '같다', '있다', '빠르다', '빠르다', '있다', '있다', '많다', '있다', '예쁘다', '좋다', '있다', '있다', '있다', '있다', '좋다', '있다', '좋다', '같다', '많다', '넓다', '좋다', '좋다', '많다', '차갑다', '맛있다', '좋다', '둥글다', '예쁘다', '있다', '어떻다', '있다', '맛있다', '좋다', '없다', '예쁘다', '진하다', '알차다', '좋다']"
스윗다이노 역곡점,디저트카페,경기 부천시 역곡로 11 1층,1,1,13,월~금 08:00 ~ 23:00,https://place.map.kakao.com/363662989,,{},미친별,,,,2022-05-26 10:56,[경기]신상 역곡카페 스윗다이노 음료+디저트 후기,"[('미치다', 'Adjective'), ('입', 'Noun'), ('새롭다', 'Adjective'), ('신상', 'Noun'), ('스윗', 'Noun'), ('위치', 'Noun'), ('스윗', 'Noun'), ('음료', 'Noun'), ('음료', 'Noun'), ('묵직하다', 'Adjective'), ('싱그럽다', 'Adjective'), ('원두', 'Noun'), ('장점', 'Noun'), ('음료', 'Noun'), ('디저트', 'Noun'), ('청귤', 'Noun'), ('에이드', 'Noun'), ('시그니쳐', 'Noun'), ('메뉴', 'Noun'), ('망고', 'Noun'), ('소금', 'Noun'), ('크림', 'Noun'), ('디저트', 'Noun'), ('바닐라', 'Noun'), ('아이스', 'Noun'), ('구경하다', 'Verb'), ('새롭다', 'Adjective'), ('깔끔하다', 'Adjective'), ('감성', 'Noun'), ('편하다', 'Adjective'), ('대화', 'Noun'), ('좋다', 'Adjective'), ('의자', 'Noun'), ('불편', 'Noun'), ('많다', 'Adjective'), ('편안하다', 'Noun'), ('쇼파', 'Noun'), ('의자', 'Noun'), ('힐링', 'Noun'), ('기분', 'Noun'), ('조명', 'Noun'), ('메뉴', 'Noun'), ('만족스럽다', 'Noun'), ('만족스럽다', 'Noun'), ('바닐라', 'Noun'), ('아이스크림', 'Noun'), ('맛있다', 'Noun'), ('에이드', 'Noun'), ('청포도', 'Noun'), ('시럽', 'Noun'), ('콜드브루', 'Noun'), ('입', 'Noun'), ('빨대', 'Verb'), ('귤', 'Noun'), ('애완동물', 'Noun'), ('먹다', 'Verb'), ('상큼하다', 'Noun'), ('추천', 'Noun'), ('소리', 'Noun'), ('망고', 'Noun'), ('음료', 'Noun'), ('먹다', 'Verb'), ('망고', 'Noun'), ('우유', 'Noun'), ('소금', 'Noun'), ('맛', 'Noun'), ('달다', 'Noun'), ('좋다', 'Adjective'), ('컵', 'Noun'), ('접시', 'Noun'), ('이뿌다', 'Adjective'), ('스윗', 'Noun'), ('스윗', 'Noun'), ('스윗', 'Noun')]","['태그', '부천카페', '역곡카페', '역곡감성카페', '역곡역카페', '역곡역디저트', '역곡디저트']",http://blog.naver.com/x12123/222747146608,"['안녕', '입', '다오', '늘', '후기', '역곡역', '바로', '앞', '신상', '역곡', '카페', '스윗', '다이노', '후', '기입', '역곡역', '코앞', '때문', '위치', '아주', '굿', '귀', '여운', '공룡', '트레이드', '마크인', '카페', '스윗', '다이노', '다양', '음료', '커피', '음료', '바디', '감', '쥬시함', '이', '두', '원두', '중', '수', '장점', '음료', '외', '다양', '디저트', '보시', '길', '저희', '청귤', '에이드', '시그니쳐', '메뉴', '중', '하나', '망고', '솔트', '크림', '플', '어요', '고', '디저트', '바닐라', '아이스', '슈', '주문', '찬찬', '내부', '곳', '어서', '감성', '인', '테리', '어요', '테이블', '간', '간격', '넙직넙직', '친', '구들', '이야기', '나누기', '요새', '의자', '불편', '카페', '완죤', '편안', '보이', '쇼파', '의자', '거기', '거셀존', '까지', '있다슈', '만', '족', '한가운데', '화분', '어서', '무엇', '힐링', '기분', '어요', '조명', '늠', '한번', '찍', '어보', '았습니다쟌', '저희', '주문', '메뉴', '어요', '슈', '크기', '매우', '남', '다른', '크기', '만족', '만족', '안', '바닐라', '아이스크림', '어가', '어요', '여름철', '별미', '일', '제', '주문', '청', '포드', '에이드', '청포도', '시럽', '콜드브루', '듬뿍', '듬뿍', '어가', '입', '때', '귤', '애완동물', '듯', '상큼', '함', '한마디', '매우', '매우', '추천', '드', '린다', '소리', '돌', '대표', '님', '주문', '망고', '음료수', '번', '정말', '망고', '우유', '미세', '소금', '맛', '단맛', '더', '강화', '어요', '렇', '보', '컵', '접시', '역곡', '카페', '스윗', '다이노', '후기', '습', '닷', '스윗', '다이노', '경기도', '부천시', '역곡로', '층', '스윗', '다이노']","['미치다', '새롭다', '있다', '이다', '있다', '묵직하다', '싱그럽다', '있다', '있다', '있다', '있다', '새롭다', '그렇다', '깔끔하다', '편하다', '좋다', '많다', '있다', '있다', '있다', '이다', '좋다', '이뿌다']"
스윗다이노 역곡점,디저트카페,경기 부천시 역곡로 11 1층,1,1,13,월~금 08:00 ~ 23:00,https://place.map.kakao.com/363662989,,{},삐삐언니,,,,2022-07-07 14:56,"[부천] 역곡감성카페, 인절미팥빙수 맛집 ""스윗다이노""","[('인절미', 'Noun'), ('팥빙수', 'Noun'), ('맛집', 'Noun'), ('스윗', 'Noun'), ('위쪽', 'Noun'), ('주말', 'Noun'), ('와이파이', 'Noun'), ('평일', 'Noun'), ('신상', 'Noun'), ('스윗', 'Noun'), ('좋다', 'Adjective'), ('사거리', 'Noun'), ('덥다', 'Adjective'), ('힘드다', 'Adjective'), ('가깝다', 'Adjective'), ('좋다', 'Adjective'), ('샌드위치', 'Noun'), ('아침', 'Noun'), ('오픈', 'Noun'), ('출근', 'Noun'), ('사다', 'Noun'), ('식사', 'Noun'), ('먹다', 'Verb'), ('좋다', 'Adjective'), ('시원하다', 'Noun'), ('음료', 'Noun'), ('빙수', 'Noun'), ('키오스크', 'Noun'), ('매장', 'Noun'), ('바깥', 'Noun'), ('입구', 'Noun'), ('애완동물', 'Noun'), ('입구', 'Noun'), ('반기다', 'Verb'), ('흰색', 'Noun'), ('깔끔하다', 'Adjective'), ('예쁘다', 'Adjective'), ('조명', 'Noun'), ('분위기', 'Noun'), ('감성', 'Noun'), ('감성', 'Noun'), ('예쁘다', 'Adjective'), ('의자', 'Noun'), ('고급', 'Noun'), ('식물', 'Noun'), ('분위기', 'Noun'), ('애완동물', 'Noun'), ('셀카', 'Noun'), ('음료', 'Noun'), ('디저트', 'Noun'), ('넓다', 'Adjective'), ('좋다', 'Adjective'), ('덥다', 'Adjective'), ('빙수', 'Noun'), ('인절미', 'Noun'), ('팥빙수', 'Noun'), ('최상급', 'Noun'), ('스페셜', 'Noun'), ('원두', 'Noun'), ('맛있다', 'Adjective'), ('취향', 'Noun'), ('블랜딩', 'Noun'), ('묵직하다', 'Adjective'), ('초코', 'Noun'), ('에스프레소', 'Noun'), ('밸런스', 'Noun'), ('자몽', 'Noun'), ('향', 'Noun'), ('쇼케이스', 'Noun'), ('케이크', 'Noun'), ('먹다', 'Verb'), ('과일', 'Noun'), ('과일', 'Noun'), ('과일', 'Noun'), ('과일주스', 'Noun'), ('인절미', 'Noun'), ('팥빙수', 'Noun'), ('인절미', 'Noun'), ('팥빙수', 'Noun'), ('빙수', 'Noun'), ('덥다', 'Adjective'), ('팥빙수', 'Noun'), ('최고', 'Noun'), ('스윗', 'Noun'), ('물티슈', 'Noun'), ('많다', 'Adjective'), ('견과류', 'Noun'), ('빙수', 'Noun'), ('잔뜩', 'Noun'), ('올리다', 'Verb'), ('시원하다', 'Noun'), ('달다', 'Noun'), ('우유', 'Noun'), ('얼음', 'Noun'), ('연유', 'Noun'), ('연유', 'Noun'), ('스윗', 'Noun'), ('빙수', 'Noun'), ('올리다', 'Verb'), ('입', 'Noun'), ('견과류', 'Noun'), ('올리다', 'Verb'), ('입', 'Noun'), ('팥빙수', 'Noun'), ('맛있다', 'Adjective'), ('견과류', 'Noun'), ('오다', 'Verb'), ('고소하다', 'Noun'), ('아낌없이', 'Adverb'), ('먹다', 'Verb'), ('먹다', 'Verb'), ('아래', 'Noun'), ('부족하다', 'Noun'), ('좋다', 'Adjective'), ('친절', 'Noun'), ('빙수', 'Noun'), ('맛있다', 'Adjective'), ('맛있다', 'Adjective'), ('맛보다', 'Verb'), ('오픈', 'Noun'), ('인테리어', 'Noun'), ('사진', 'Noun'), ('잘나오다', 'Verb'), ('감성', 'Noun'), ('추천', 'Noun'), ('인절미', 'Noun'), ('팥빙수', 'Noun'), ('맛집', 'Noun'), ('스윗', 'Noun'), ('옵션', 'Noun'), ('자동', 'Noun'), ('인절미', 'Noun'), ('팥빙수', 'Noun'), ('맛집', 'Noun'), ('스윗', 'Noun'), ('감성', 'Noun'), ('스윗', 'Noun'), ('인절미', 'Noun'), ('팥빙수', 'Noun'), ('옵션', 'Noun'), ('자동', 'Noun'), ('감성', 'Noun'), ('스윗', 'Noun'), ('인절미', 'Noun'), ('팥빙수', 'Noun'), ('스윗', 'Noun'), ('스윗', 'Noun')]","['태그', '부천카페', '역곡카페', '역곡감성카페', '스윗다이노', '인절미팥빙수', '역곡빙수맛집']",http://blog.naver.com/tjsal7350/222803473380,"['부천', '카페', '역곡', '카페', '인절미', '팥빙수', '맛집', '스윗', '다이노스', '윗', '다이노', '월금', '주말', '경기', '부천시', '역곡로', '층', '포장', '무선인터넷', '역곡역', '번', '출구', '약', '도보', '분안', '녕', '평일', '퇴근', '신상', '역곡', '카페', '스윗', '다이노', '어요', '역곡역', '도보', '분', '거리', '여서', '근접', '성', '고역', '곡', '북부', '사거리', '분', '거리', '요즘', '오래', '걷기', '어요', '당일', '생산', '판매', '뚱', '샌드위치', '아침', '시', '오픈', '출근', '면서', '사가', '거나', '식사', '대용', '아무', '때', '어도', '무더위', '싹', '가시', '시원', '음료', '빙수', '어요', '키오스크', '주문', '매장', '밖', '입구', '안', '애완동물', '입구', '귀', '여운', '공룡', '캐릭터', '어가', '요', '내부', '화이트', '톤', '우드', '조화로', '조명', '분위기', '더', '감성', '해', '주더', '감성', '부천', '카페', '여기', '색', '의자', '대리석', '테이블', '고급', '고인', '인석', '다양', '열', '테이블', '정도', '식물', '어서', '쾌적', '느낌', '뒤', '가면', '숨', '은공', '간이', '어요', '늑한', '분위기', '테이블', '애완동물', '거울셀카', '찍', '수', '곳', '커피', '음료', '디저트', '까지', '정말', '다양', '한종', '류', '어서', '선택', '폭', '점', '어요', '저', '요즘', '빙수', '인절미', '팥빙수', '주문', '커피', '최상급', '스페셜', '원두', '사용', '고해', '요원', '두', '가지', '여서', '취향', '선택', '가능', '요', '클라시코', '블랜드', '다크', '초콜렛', '에스프레소', '밸런스', '타입', '자몽', '향', '쇼케이스', '병음', '료', '케이크', '보관', '고아', '수', '과일', '과일', '일', '과일', '과일주스', '어요', '인절미', '팥빙수', '주문', '인절미', '팥빙수', '어요', '가장', '기본', '빙수', '느낌', '때', '때', '역시', '팥빙수', '최고', '요귀', '여운', '스윗', '다이노', '공룡', '깃발', '고센', '스있', '물티슈', '어요', '재료', '듬뿍', '담', '아주', '셔', '양', '팥', '견과류', '빙수', '떡', '콩가루', '잔뜩', '어요', '시원', '달달', '우유', '얼음', '베이스', '연유', '기본', '다른', '빙', '수집가', '연유', '비용', '추가', '편', '스윗', '다이노', '빙수', '충분', '어요', '팥', '입', '견과류', '떡', '입', '팥빙수', '팥', '이생', '명인', '데', '달', '견과류', '콩고', '물이', '라가', '고소', '떡', '때', '까지', '충분', '어요', '아래', '또', '팥', '한번', '더', '어서', '팥', '부족', '걱정', '어요', '사장', '친절', '빙수', '정말', '요다음', '커피', '가야', '요새', '오픈', '한지', '얼마', '곳', '내부', '인테리어', '사진', '감', '성적', '느낌', '가득', '곳', '역곡', '감성', '카페', '추천', '요', '역곡', '카페', '인절미', '팥빙수', '맛집', '스윗', '다이노', '재생', '수', '화질', '선택', '옵션', '자동', '접기', '기역', '곡', '카페', '인절미', '팥빙수', '맛집', '스윗', '다이노', '역곡', '감성', '카페', '스윗', '다이노', '인절미', '팥빙수', '재생', '수', '화질', '선택', '옵션', '자동', '접기', '기역', '곡', '감성', '카페', '스윗', '다이노', '인절미', '팥빙수', '스윗', '다이노', '경기도', '부천시', '역곡로', '층', '스윗', '다이노']","['좋다', '덥다', '힘드다', '가깝다', '좋다', '있다', '좋다', '같다', '있다', '있다', '있다', '깔끔하다', '예쁘다', '있다', '있다', '예쁘다', '스럽다', '같다', '있다', '있다', '있다', '있다', '있다', '넓다', '좋다', '덥다', '그렇다', '맛있다', '묵직하다', '있다', '있다', '있다', '덥다', '같다', '많다', '맛있다', '좋다', '맛있다', '맛있다', '안되다']"
카페91,카페,서울 구로구 고척로51길 82,0,0,4,월~금 10:00 ~ 21:00,https://place.map.kakao.com/1275397715,4000,"{'포트넘 앤 메이슨 홍차': '스트로베리/피치/레몬', '아메리카노': '4000', '카페라떼': '4500', '마차라떼': '6200', '알로에스무디': '5000'}",Hailey,,,,2020-01-27 18:19,[다녀온카페] CAFE.91,"[('많다', 'Adverb'), ('한적하다', 'Noun'), ('운동', 'Noun'), ('발견하다', 'Noun'), ('한적하다', 'Noun'), ('주택', 'Noun'), ('입구', 'Noun'), ('아기', 'Noun'), ('반기다', 'Verb'), ('모던', 'Noun'), ('좋다', 'Adjective'), ('헤이즐넛', 'Noun'), ('아메리카노', 'Noun'), ('헤이즐넛', 'Noun'), ('알맞다', 'Adjective'), ('텁텁하다', 'Noun'), ('입', 'Noun'), ('배려', 'Noun'), ('민트', 'Noun'), ('딸기', 'Noun'), ('애완동물', 'Noun'), ('선물', 'Noun'), ('귀엽다', 'Adjective'), ('찰칵', 'Adverb'), ('좋다', 'Adjective'), ('위치', 'Noun'), ('공원', 'Noun'), ('도서관', 'Noun'), ('좋다', 'Adjective'), ('열정', 'Noun'), ('오다', 'Verb'), ('아기', 'Noun')]","['태그', '카페', '동네카페', '고척동', '구로구카페', '고척동카페', '고척근린공원', '카페91', 'cafe91', '구로구민체육센터', '카페추천', '헤이즐넛커피']",http://blog.naver.com/bluedia220/221786659855,"['설', '연휴', '요먼', '저', '새해', '복', '이번', '한적', '동네', '카페', '번', '가보', '았습니', '카페', '동네', '거리', '운동', '발견', '카페', '닷', '한적', '길', '지나', '주택', '빌라', '건물', '반', '것', '간판', '닷', '입구', '건물', '뱅글', '뱅글', '돌', '아가', '구조', '요', '아직', '트리', '먼저', '주네', '용', '트리', '가기', '전', '왼쪽', '편', '문', '폴딩', '도어', '라서', '창문', '줄', '알', '다시', '건물', '뱅글', '뱅글', '돈', '건안', '비밀', '카페', '내부', '모던', '면서', '도아', '늑한', '느낌', '어요', '대리석', '느낌', '탁자', '골드', '조합', '헤이즐넛', '아메리카노', '리카', '노리', '카노', '리카', '노리', '카', '노리', '카노', '주문', '헤이즐넛', '파우더', '서당', '조절', '부탁', '아주', '해주', '어요', '고', '오른쪽', '춰컬릿', '커피', '텁텁', '입', '위', '배려', '민트', '딸기', '카페', '캐릭터', '동물', '양', '그거', '똑디', '볼펜', '선물', '어요', '뭐', '사람', '위치', '요기', '서울특별시', '구로구', '고척로', '길', '제', '때', '모녀', '사이', '것', '느낌', '분', '어요', '혹', '고척', '린', '공원', '도서관', '가시', '분', '라면', '한번', '쯤', '듯', '더욱', '더', '열심', '포스팅', '한해', '다양', '포스팅', '바', '라며', '다음', '또', '포스팅', '직접', '아가', '구매', '후', '기입']","['이다', '있다', '이다', '같다', '딱이다', '이다', '있다', '좋다', '알맞다', '있다', '귀엽다', '좋다', '같다', '계시다', '좋다']"
더벤티 부천옥길지구점,커피전문점,경기 부천시 양지로 205 서영아너시티2 1층 110호,0,0,6,월~금 08:00 ~ 22:00,https://place.map.kakao.com/1758573714,,"{'흑설탕 버블티': '흑설탕 버블티', '아메리카노': '아메리카노', '카페라떼': '카페라떼', '콜드브루': '콜드브루', '딸기라떼': '딸기라떼', '바닐라라떼': '바닐라라떼', '': ''}",박둥둥,,,,2022-05-07 7:34,[더벤티 옥길점] 난 항상 아이스라떼,"[('재택근무', 'Noun'), ('자주', 'Noun'), ('재택근무', 'Noun'), ('없다', 'Adjective'), ('분위기', 'Noun'), ('속상하다', 'Adjective'), ('위치', 'Noun'), ('길다', 'Adjective'), ('위치', 'Noun'), ('오픈', 'Noun'), ('오픈', 'Noun'), ('평일', 'Noun'), ('입', 'Noun'), ('산책', 'Noun'), ('재택근무', 'Noun'), ('오픈', 'Noun'), ('평일', 'Noun'), ('오픈', 'Noun'), ('주말', 'Noun'), ('평일', 'Noun'), ('오픈', 'Noun'), ('주말', 'Noun'), ('오픈', 'Noun'), ('평일', 'Noun'), ('오픈', 'Noun'), ('주말', 'Noun'), ('감성', 'Noun'), ('오픈', 'Noun'), ('오픈', 'Noun'), ('주말', 'Noun'), ('평일', 'Noun'), ('오픈', 'Noun'), ('많다', 'Adjective'), ('주말', 'Noun'), ('오픈', 'Noun'), ('감성', 'Noun'), ('아메리카노', 'Noun'), ('원두', 'Noun'), ('고소하다', 'Noun'), ('좋다', 'Adjective'), ('만족스럽다', 'Noun'), ('메뉴', 'Noun'), ('스무디', 'Noun'), ('버블티', 'Noun'), ('많다', 'Adjective'), ('먹다', 'Verb'), ('음료', 'Noun'), ('테이크아웃', 'Noun'), ('이용하다', 'Noun'), ('바깥', 'Josa'), ('키오스크', 'Noun'), ('디저트', 'Noun'), ('디저트', 'Noun'), ('빵', 'Noun'), ('크림', 'Noun'), ('빵', 'Noun'), ('치즈', 'Noun'), ('빵', 'Noun'), ('먹다', 'Verb'), ('크림', 'Noun'), ('빵', 'Noun'), ('크림', 'Noun'), ('많다', 'Adjective'), ('비', 'Noun'), ('좋다', 'Adjective'), ('오다', 'Verb'), ('스탬프', 'Noun'), ('적립', 'Noun'), ('시다', 'Noun'), ('메뉴', 'Noun'), ('토마토', 'Noun'), ('오픈', 'Noun'), ('비', 'Noun'), ('좋다', 'Adjective')]","['태그', '더벤티옥길점위치', '더벤티옥길오픈시간', '더벤티메뉴', '더벤티디저트', '더벤티오더', '옥길동라떼', '더벤티라떼', '더벤티아이스라떼원두', '더벤티영업시간']",http://blog.naver.com/ejpark0410/222723559460,"['재택근무', '때', '자주', '더', '티', '옥길점', '젠', '재택근무', '다시', '수', '분위기', '더', '티', '옥길점', '위치', '서영아', '너', '시티', '건물', '층', '써브웨이', '건물', '더', '티', '부천', '옥', '구점', '경기도', '부천시', '양지', '부천', '옥길', '서영아', '너', '시티', '더', '티옥길점', '위치', '더', '티옥길', '오픈', '시간', '오픈', '시간', '평일', '토', '일요일', '입', '다시', '쯤', '커피', '사서', '산책', '재택근무', '더', '티', '근처', '커피가게', '오픈', '시간', '정리', '퍼센트', '평일', '시', '오픈', '주말', '컴', '포즈', '평일', '시', '분', '오픈', '주말', '시', '스타벅스', '시', '오픈', '삼동', '평일', '시', '오픈', '주말', '시', '감성', '커피', '시', '오픈', '빽', '다방', '시', '오픈', '주말', '평일', '오픈', '시간', '다른', '곳', '어요', '주말', '시', '오픈', '곳', '스타벅스', '감성', '커피', '빽', '다방', '정도', '것', '더', '티', '아메리카노', '리카', '노리', '카노', '리카', '노리', '카', '노리', '카노', '라떼', '원두', '다른', '종류', '사용', '고소', '라떼', '아하', '편이', '더', '티', '라떼', '성비', '만족', '만해', '더', '티', '메뉴', '스무디', '버블티', '까지', '종류', '진짜', '거의', '음료', '정', '도입', '항상', '테이크아웃', '이용', '키오스크', '로만', '주문', '처음', '매', '장안', '어요', '작', '더', '티', '디저트', '디저트', '종류', '커피콩', '빵', '팥', '크림', '빵빵', '치즈', '빵빵', '어보', '았습니', '팥', '크림', '빵빵', '크림', '진짜', '원', '가성', '비', '더', '티오', '더더', '티', '앱', '주문', '가능', '스탬프', '적립', '가능', '요', '신', '메뉴', '더', '티더', '티', '옆', '가게', '토마토', '김밥', '오픈', '던데', '그', '곳도', '어요', '가성', '비', '라떼', '더', '티', '후기']","['없다', '속상하다', '이다', '있다', '길다', '있다', '많다', '같다', '같다', '좋다', '많다', '있다', '있다', '많다', '좋다', '좋다']"
24시무인셀프카페 가톨릭대점,카페,경기 부천시 지봉로 42 B동 101호,3,2,3,,https://place.map.kakao.com/1300312794,,{},김예슬,2,1,20,2022-11-30 0:00,,"[('스피커', 'Noun'), ('손님', 'Noun'), ('버스', 'Noun'), ('앉다', 'Verb'), ('스피커', 'Noun'), ('좋다', 'Adjective')]",,,"['로', '계속', '감시', '면서', '스피커', '무인', '말기', '사람', '꽉', '찬', '것', '고', '손님', '명', '밤', '버스', '기', '다리', '려고', '분', '다섯', '번', '안', '나', '가라', '스피커', '외침']","['저렇다', '있다', '좋다']"
24시무인셀프카페 가톨릭대점,카페,경기 부천시 지봉로 42 B동 101호,3,2,3,,https://place.map.kakao.com/1300312794,,{},이용자,2,5,100,2020-07-26 0:00,,"[('상품', 'Noun'), ('장소', 'Noun'), ('서비스', 'Noun'), ('아침', 'Noun'), ('사다', 'Noun'), ('부부', 'Noun'), ('오다', 'Verb'), ('신뢰', 'Noun'), ('좋다', 'Adjective')]",,,"['저', '윤', '모씨', '의견', '의합', '이', '카페', '자선단체', '고', '왜', '자사', '상품', '구', '매하', '사람', '장소', '및', '서비스', '제공', '하나요', '전', '매일', '아침', '이', '카페', '커피', '사가', '데', '사장', '부부', '보이시', '분', '서도', '이', '시간대', '항상', '카페', '정리정돈', '및', '유지', '모습', '더욱더', '신뢰', '애용', '사업', '번창', '더보', '기']","['이렇다', '좋다']"
24시무인셀프카페 가톨릭대점,카페,경기 부천시 지봉로 42 B동 101호,3,2,3,,https://place.map.kakao.com/1300312794,,{},라당,,,,2020-03-05 9:08,역곡역 카톨릭대 24시 무인 셀프 카페,"[('셀프', 'Noun'), ('위치', 'Noun'), ('방문', 'Noun'), ('봄', 'Noun'), ('외관', 'Noun'), ('넓다', 'Adjective'), ('깨끗', 'Noun'), ('학교', 'Noun'), ('애완동물', 'Noun'), ('애완동물', 'Noun'), ('학생', 'Noun'), ('없다', 'Adjective'), ('신기하다', 'Noun'), ('자판기', 'Noun'), ('과자', 'Noun'), ('비싸다', 'Adjective'), ('컵', 'Noun'), ('컵', 'Noun'), ('얼음', 'Noun'), ('노랗다', 'Adjective'), ('컵', 'Noun'), ('올리다', 'Verb'), ('완성', 'Noun'), ('쓰다', 'Verb'), ('없다', 'Adjective'), ('없다', 'Adjective'), ('스틱커피', 'Noun'), ('빨대', 'Noun'), ('사진', 'Noun'), ('없다', 'Adjective'), ('깨끗하다', 'Adjective'), ('저렴', 'Noun'), ('위치', 'Noun'), ('재방문', 'Noun'), ('방문', 'Noun'), ('셀프', 'Noun')]",[''],http://blog.naver.com/sora2888/221838293157,"['역곡역', '가톨릭대', '시', '무인', '셀프', '카페', '최근', '가톨릭대', '바로', '앞', '위치', '시', '무인', '카페', '방문', '봄', '어가', '눈', '외관', '멀리', '도', '보임', '내부', '생각', '깨끗', '함관', '리가', '확', '학교', '애완동물', '강', '해도', '함', '코로나', '때문', '애완동물', '강', '연기', '학생', '어서', '그', '런가', '기도', '고여', '무인', '카페', '관리', '신기', '자판기', '다과', '기계', '안', '과자', '편의점', '좀', '음', '기계', '커피', '줌', '카드', '페이', '코로만', '결제', '가능', '카드', '결', '제하', '옆', '기계', '컵', '컵', '얼음', '저', '컵', '커피', '완성', '뚜껑', '스틱', '홀더', '빨대', '거', '사람', '막', '가면', '걱정', '화분', '한쪽', '사진', '화분', '문', '쪽', '주', '저리', '주저', '리', '저렴', '함', '역곡역', '걸', '어서', '분', '거리', '가톨릭대', '정문', '위치', '사이즈', '선택', '불가', '재방문', '사', '매일', '방문', '중', '시', '무인', '셀프', '카페', '가톨릭대', '점', '경기도', '부천시', '역곡동']","['넓다', '있다', '이렇다', '없다', '있다', '비싸다', '같다', '노랗다', '없다', '없다', '있다', '없다', '깨끗하다', '이다']"
카페어썸,카페,서울 구로구 개봉로1나길 22 1층,5,1,5,"휴무일
월요일",https://place.map.kakao.com/554986872,,{},jj,7,4.7,100,2022-09-22 0:00,,"[('분위기', 'Noun'), ('좋다', 'Adjective'), ('비스켓', 'Noun'), ('맛있다', 'Adjective'), ('좋다', 'Adjective')]",,,"['분위기', '어서', '목감천', '때', '꼭', '커피숍', '아아', '라떼', '비스켓']","['있다', '좋다', '이다', '맛있다', '좋다']"
카페어썸,카페,서울 구로구 개봉로1나길 22 1층,5,1,5,"휴무일
월요일",https://place.map.kakao.com/554986872,,{},모카츄,,,,2022-11-07 14:08,개봉동카페 카페어썸,"[('애완동물', 'Noun'), ('우리동네', 'Noun'), ('애완동물', 'Noun'), ('분위기', 'Noun'), ('좋다', 'Adjective'), ('신상', 'Noun'), ('발견하다', 'Noun'), ('데이트', 'Noun'), ('애완동물', 'Noun'), ('애완동물', 'Noun'), ('애완동물', 'Noun'), ('버스', 'Noun'), ('애완동물', 'Noun'), ('아파트', 'Noun'), ('위치', 'Noun'), ('애완동물', 'Noun'), ('쉬다', 'Verb'), ('깔끔하다', 'Adjective'), ('흰색', 'Noun'), ('깔끔하다', 'Adjective'), ('애완동물', 'Noun'), ('오다', 'Verb'), ('음료', 'Noun'), ('디저트', 'Noun'), ('먹다', 'Verb'), ('쇼케이스', 'Noun'), ('수제', 'Noun'), ('비스켓', 'Noun'), ('디저트', 'Noun'), ('블루', 'Noun'), ('아이스', 'Noun'), ('망고', 'Noun'), ('스무디', 'Noun'), ('딸기', 'Noun'), ('완성', 'Noun'), ('음료', 'Noun'), ('디저트', 'Noun'), ('예쁘다', 'Adjective'), ('반하다', 'Adjective'), ('딸기', 'Noun'), ('스콘', 'Noun'), ('딸기', 'Noun'), ('먹다', 'Verb'), ('맛있다', 'Adjective'), ('망고', 'Noun'), ('스무디', 'Noun'), ('블루', 'Noun'), ('아이스', 'Noun'), ('분위기', 'Noun'), ('좋다', 'Adjective'), ('맛', 'Noun'), ('좋다', 'Adjective'), ('방문', 'Noun'), ('애완동물', 'Noun'), ('애완동물', 'Noun'), ('애완동물', 'Noun'), ('디저트', 'Noun'), ('애완동물', 'Noun'), ('맛집', 'Noun'), ('애완동물', 'Noun'), ('비스켓', 'Noun')]","['태그', '개봉동카페', '개봉동커피', '개봉동디저트', '개봉동맛집', '개봉동쿠키']",http://blog.naver.com/hyoung0224/222922293237,"['애완동물', '봉', '카페', '카페', '어썸', '우리동네', '애완동물', '봉동', '분위기', '신상', '카페', '발견', '언니', '데이트', '잠시', '곳', '애완동물', '봉', '카페', '카페', '어썸', '카페', '어썸', '서울특별시', '구로구', '애완동물', '봉로', '길', '카페', '어썸', '애완동물', '봉역', '마을', '버스', '타고', '애완동물', '봉', '슝슝', '한진', '아파트', '맞은편', '위치', '애완동물', '봉', '카페', '어요', '정돈', '가게', '내부', '전', '체적', '화이트', '톤', '라서', '세상', '쭁', '애완동물', '봉', '카페', '인', '음료', '기본', '디저트', '카운터', '옆', '쇼케이스', '각종', '수제', '비스켓', '다양', '디저트', '준비', '어요', '블루', '아이스', '떼', '망고', '스무디', '딸기', '파이', '플레인스', '콘', '주문', '완료', '카운터', '주문', '조금', '기', '다리', '준비', '음료', '디저트', '플레이', '팅', '곳', '플레인스', '콘', '딸기', '파이', '스콘', '딸기', '잼', '더', '망고', '스무디', '영롱', '함', '가득', '블루', '아이스', '떼', '분위기', '맛', '또', '한번', '방문', '어요', '애완동물', '봉', '카페', '애완동물', '봉', '커피', '애완동물', '봉', '디저트', '애완동물', '봉', '맛집', '애완동물', '봉', '비스켓']","['좋다', '있다', '있다', '깔끔하다', '깔끔하다', '있다', '예쁘다', '반하다', '맛있다', '좋다', '좋다']"
카페어썸,카페,서울 구로구 개봉로1나길 22 1층,5,1,5,"휴무일
월요일",https://place.map.kakao.com/554986872,,{},열정독식,,,,2022-05-29 14:06,"개봉동 디저트 카페 카페 어썸, 어쩜 이리 맛나지","[('애완동물', 'Noun'), ('오다', 'Verb'), ('수제', 'Noun'), ('비스켓', 'Noun'), ('맛집', 'Noun'), ('팥빙수', 'Noun'), ('빙수', 'Noun'), ('맛있다', 'Adjective'), ('친구', 'Noun'), ('빙수', 'Noun'), ('먹다', 'Verb'), ('많다', 'Adjective'), ('수제', 'Noun'), ('비스켓', 'Noun'), ('스콘', 'Noun'), ('진열', 'Noun'), ('수제', 'Noun'), ('비스켓', 'Noun'), ('시식', 'Noun'), ('좋다', 'Adjective'), ('메뉴', 'Noun'), ('블루', 'Noun'), ('아이스', 'Noun'), ('메뉴', 'Noun'), ('수제', 'Noun'), ('맛', 'Noun'), ('궁금하다', 'Adjective'), ('자리', 'Noun'), ('앉다', 'Verb'), ('고요', 'Noun'), ('화장실', 'Noun'), ('감각', 'Noun'), ('꾸미다', 'Verb'), ('굉장하다', 'Adjective'), ('비스켓', 'Noun'), ('희다', 'Adjective'), ('초코', 'Noun'), ('쉐이크', 'Noun'), ('아이스크림', 'Noun'), ('스콘', 'Noun'), ('비스켓', 'Noun'), ('이쁘다', 'Adjective'), ('시원하다', 'Noun'), ('맛', 'Noun'), ('아이스크림', 'Noun'), ('비스켓', 'Noun'), ('스콘', 'Noun'), ('스콘', 'Noun'), ('만들다', 'Verb'), ('비스켓', 'Noun'), ('수제', 'Noun'), ('비스켓', 'Noun'), ('오렌지', 'Noun'), ('만들다', 'Verb'), ('달다', 'Noun'), ('덜하다', 'Adjective'), ('건강', 'Noun'), ('맛', 'Noun'), ('식감', 'Noun'), ('덥다', 'Adjective'), ('디저트', 'Noun'), ('맛집', 'Noun'), ('맛집', 'Noun'), ('자체', 'Noun'), ('깨끗하다', 'Adjective'), ('음식', 'Noun'), ('깨끗', 'Noun'), ('열정', 'Noun'), ('먹다', 'Verb'), ('먹다', 'Verb'), ('친구', 'Noun'), ('멋지다', 'Adjective'), ('스콘', 'Noun'), ('먹다', 'Verb'), ('오렌지', 'Noun'), ('올리다', 'Verb'), ('먹다', 'Noun'), ('비스켓', 'Noun'), ('콜드브루', 'Noun'), ('비스켓', 'Noun'), ('레몬', 'Noun'), ('비스켓', 'Noun'), ('맛', 'Noun'), ('상큼하다', 'Noun'), ('입맛', 'Noun'), ('맛있다', 'Adjective'), ('먹다', 'Verb'), ('맛있다', 'Adjective'), ('먹다', 'Verb'), ('신경', 'Noun'), ('컵', 'Noun'), ('품질', 'Noun'), ('물티슈', 'Noun'), ('많다', 'Adjective'), ('애완동물', 'Noun'), ('신상', 'Noun'), ('디저트', 'Noun'), ('수제', 'Noun'), ('스콘', 'Noun'), ('비스켓', 'Noun'), ('자주', 'Noun'), ('고프다', 'Adjective'), ('화장실', 'Noun'), ('깔끔하다', 'Adjective'), ('인테리어', 'Noun'), ('없다', 'Adjective'), ('깔끔하다', 'Adjective'), ('스타일', 'Noun'), ('맛있다', 'Adjective'), ('맛', 'Noun'), ('고기', 'Noun'), ('먹다', 'Verb'), ('소중하다', 'Noun'), ('대화', 'Verb'), ('먹다', 'Verb'), ('오다', 'Verb'), ('먹다', 'Verb'), ('위치', 'Noun'), ('애완동물', 'Noun'), ('애완동물', 'Noun'), ('신상', 'Noun'), ('애완동물', 'Noun'), ('애완동물', 'Noun'), ('디저트', 'Noun'), ('애완동물', 'Noun'), ('수제', 'Noun'), ('비스켓', 'Noun'), ('애완동물', 'Noun'), ('사거리', 'Noun'), ('애완동물', 'Noun'), ('이쁘다', 'Adjective'), ('애완동물', 'Noun'), ('사거리', 'Noun'), ('좋다', 'Adjective'), ('사거리', 'Noun')]","['태그', '카페어썸', '개봉동신상카페', '개봉동예쁜카페', '개봉디저트카페', '개봉동수제쿠키카페', '개봉동카페어썸', '광명사거리역카페', '광명사거리카페', '개봉이쁜카페', '개봉모임카페', '광명사거리모임하기좋은카페']",http://blog.naver.com/seduce0121/222751002033,"['애완동물', '봉', '오랜만', '요', '수제', '비스켓', '맛집', '제', '또', '행차', '카페', '어썸길', '지나', '다어쩜어쩜', '어썸', '팥빙수', '어가', '듯', '빙수', '보이', '날제', '꼬마', '친구', '빙수', '다른', '걸', '픽', '어가', '어가', '자마자', '수제', '비스켓', '스콘', '맛깔', '게', '진열', '어서', '또', '혹', '수제', '비스켓', '종류', '별로', '시식', '가능', '구', '요인', '심', '사장', '메뉴', '블루', '아이스', '떼', '메뉴', '고수', '제', '라피', '뇨', '대요', '수제', '말', '혹', '맛', '일지', '어요', '저희', '요', '늑한', '자리', '어요', '테이블', '저', '패턴', '맘', '어요', '촉감', '맘', '고요', '화장실', '내부', '감각', '적', '구', '요사', '장의', '센스', '보통', '구나', '세밀', '사람', '어요', '저', '반', '얼른', '비스켓', '저', '쵸코', '쉐이크', '아이스바', '닐', '라라', '떼', '고', '스콘', '비스켓', '주문', '어요', '시원', '맛', '어요', '아이스바', '닐', '라라', '떼쟤', '머', '또', '왜', '맘', '설', '레게', '고', '비스켓', '스콘', '스콘', '직접', '비스켓', '수제', '비스켓', '라피', '뇨', '오렌지', '마멀레이드', '직접', '래서', '인지', '확실', '단맛', '건강', '맛', '에아', '삭', '삭', '식감', '일품', '왜', '디저트', '맛집', '수제비', '스켓', '맛집', '인지', '단번', '알', '아버', '렸', '가게', '자체', '음식', '느낌', '깨끗', '단아', '어요', '열심', '부림', '저', '한라봉', '쥬스', '추가', '역시', '내', '꼬마', '친구', '늘', '배', '거', '스콘', '라피', '뇨', '살짝', '서질', '리지', '물리', '수', '오렌지', '마멀레이드', '먹음', '여기', '천국', '멀리', '저', '비스켓', '커피', '콜드브루', '파시', '데', '비스켓', '중', '저', '레몬', '비스켓', '맛', '상큼', '덜', '달', '고제', '입맛', '딱', '신명', '살풀이', '한바탕', '고제', '제', '지하', '그', '만하', '손', '정말', '사장', '계속', '신경', '주시', '고아', '플라스틱', '컵', '제공', '해주시', '질', '냅킨', '물티슈', '내일', '모레', '것', '까지', '주시', '인심', '그', '정도', '양', '어요', '애완동물', '봉', '신상', '카페', '디저트', '카페', '수제', '스콘', '이나', '비스켓', '카페', '분', '정말', '정말', '강츄합', '다가', '워', '자주', '곳', '화장실', '집의', '인테리어', '군더더기', '초', '제', '스탈', '었습니', '우리', '집도', '좀', '저', '라피', '뇨', '정말', '어서', '구매', '습', '다가', '격', '천원', '득템', '수준', '요', '진짜', '맛', '밥', '고기', '소중', '지면', '또', '한번', '부림', '구매', '어요', '저', '부림', '영원', '하니', '위치', '카페', '어썸', '서울특별시', '구로구', '애완동물', '봉로', '길', '카페', '어썸', '애완동물', '봉', '신상', '카페', '애완동물', '봉', '동예', '쁜', '카페', '애완동물', '봉', '디저트', '카페', '애완동물', '봉', '수제', '비스켓', '카페', '애완동물', '봉', '카페', '어썸', '카페', '어썸', '광명', '사거리역', '카페', '광명', '사거리', '카페', '애완동물', '봉', '카페', '애완동물', '봉모', '임', '카페', '광명', '사거리', '모임', '카페', '광명', '사거리', '카페']","['있다', '맛있다', '많다', '있다', '좋다', '어떻다', '궁금하다', '있다', '굉장하다', '희다', '이쁘다', '덜하다', '덥다', '깨끗하다', '멋지다', '있다', '있다', '이다', '맛있다', '맛있다', '많다', '고프다', '있다', '깔끔하다', '없다', '깔끔하다', '맛있다', '이쁘다', '좋다']"
카페공감,커피전문점,경기 광명시 너부대로 41 1층,3,1,0,월~금 08:30 ~ 18:30,https://place.map.kakao.com/1410844575,2000,"{'아메리카노': '2000', '카페라떼': '3000', '바닐라라떼': '3500', '자몽에이드': '3500'}",Stella Sulhee Jang,2,4,60,2022-08-15 0:00,,"[('맛있다', 'Adjective'), ('좋다', 'Adjective'), ('오픈', 'Noun'), ('좋다', 'Adjective')]",,,"['커피', '오픈', '시간', '중구', '난방', '영업', '시간', '안내', '문도', '문도', '당황', '적', '몇번', '어요']","['맛있다', '좋다', '있다', '좋다']"
토프레소 부천옥길점,커피전문점,경기 부천시 양지로184번길 21,5,1,1,,https://place.map.kakao.com/345975100,,"{'아메리카노': '아메리카노', '콜드브루': '콜드브루', '카페라떼': '카페라떼', '바닐라라떼': '바닐라라떼', '돌체라떼': '돌체라떼', '뱅쇼': '뱅쇼', '': ''}",han,12,5,100,2021-04-03 0:00,,"[('맛있다', 'Adjective'), ('먹다', 'Verb'), ('좋다', 'Adjective')]",,,[],"['맛있다', '좋다']"
토프레소 부천옥길점,커피전문점,경기 부천시 양지로184번길 21,5,1,1,,https://place.map.kakao.com/345975100,,"{'아메리카노': '아메리카노', '콜드브루': '콜드브루', '카페라떼': '카페라떼', '바닐라라떼': '바닐라라떼', '돌체라떼': '돌체라떼', '뱅쇼': '뱅쇼', '': ''}",흘러가는인생사,,,,2021-11-06 9:00,디저트가 땡기는날에는 옥길동 토프레소 ! 진짜 망고가 들어있는 빙수맛집 카야토스트는 덤이지~,"[('단골', 'Noun'), ('주말', 'Noun'), ('애완동물', 'Noun'), ('매장', 'Noun'), ('위하다', 'Noun'), ('사진', 'Noun'), ('열정', 'Noun'), ('찍다', 'Verb'), ('단골', 'Noun'), ('먹다', 'Verb'), ('배달', 'Noun'), ('망고', 'Noun'), ('빙수', 'Noun'), ('토스트', 'Noun'), ('매장', 'Noun'), ('망고', 'Noun'), ('빙수', 'Noun'), ('토스트', 'Noun'), ('감동', 'Noun'), ('좋다', 'Adjective'), ('맛', 'Noun'), ('좋다', 'Adjective'), ('많다', 'Adjective'), ('장사', 'Noun'), ('먹다', 'Verb'), ('아이스크림', 'Noun'), ('먹다', 'Verb'), ('여름', 'Noun'), ('빙수', 'Noun'), ('이루다', 'Noun'), ('주말', 'Noun'), ('음료', 'Noun'), ('애완동물', 'Noun'), ('딸기', 'Noun'), ('자몽', 'Noun'), ('블랙', 'Noun'), ('망고', 'Noun'), ('애완동물', 'Noun'), ('애완동물', 'Noun'), ('애완동물', 'Noun'), ('애완동물', 'Noun'), ('애완동물', 'Noun'), ('애완동물', 'Noun'), ('애완동물', 'Noun'), ('애완동물', 'Noun'), ('애완동물', 'Noun'), ('애완동물', 'Noun'), ('추천', 'Noun'), ('토스트', 'Noun'), ('맛', 'Noun'), ('망고', 'Noun'), ('빙수', 'Noun'), ('파인애플', 'Noun'), ('망고', 'Noun'), ('예술', 'Noun'), ('얼음', 'Noun'), ('우유', 'Noun'), ('얼음', 'Noun'), ('달콤하다', 'Adjective'), ('망고', 'Noun'), ('파인애플', 'Noun'), ('토핑', 'Noun'), ('아이스크림', 'Noun'), ('싸구려', 'Noun'), ('맛', 'Noun'), ('아니다', 'Adjective'), ('고급', 'Noun'), ('햇', 'Noun'), ('토스트', 'Noun'), ('대화', 'Noun'), ('과자', 'Noun'), ('빵', 'Noun'), ('아니다', 'Adjective'), ('맛', 'Noun'), ('어울리다', 'Verb'), ('맛', 'Noun'), ('망고', 'Noun'), ('많다', 'Adjective'), ('아메리카노', 'Noun'), ('오다', 'Verb'), ('옵션', 'Noun'), ('자동', 'Noun'), ('배달', 'Noun'), ('먹다', 'Verb'), ('존맛', 'Adjective'), ('만나다', 'Verb'), ('행복하다', 'Noun'), ('많다', 'Adverb'), ('예약', 'Noun')]","['태그', '옥길동카페', '옥길동토프레소', '토프레소', '망고파인빙수', '옥길동맛집', '옥길동카페추천', '옥길동빙수', '빙수맛잇는곳', '카페추천']",http://blog.naver.com/fhfh227/222556523953,"['돼지', '솔직', '고백', '하자', '옥길동', '토', '프레', '소', '진짜', '진짜', '단골', '임', '그냥', '돼지', '파이터', '모습', '실제', '보고', '주말', '토', '프레', '소', '가면', '그', '정도', '껌', '딱지', '옥길동', '카페', '토', '프레', '소', '소', '애완동물', '다사', '실', '예전', '매장', '포스팅', '위해', '사진', '열심', '감', '진짜', '단골', '집', '서도', '아시', '토', '프레', '소', '옥길동', '토', '프레', '소', '오늘', '배달', '망고', '빙수', '카야', '토스트', '나중', '매장', '블로그', '하나', '슴', '그냥', '매일', '평생', '곳', '이기', '떄문', '망고', '빙수', '카야', '토스트', '토', '프레', '소사', '장', '감동', '옥길동', '토', '프레', '소가', '이유', '맛', '다양', '친', '절하', '쾌', '적하', '다사', '실', '최적', '카페', '무적', '조합', '으쩜', '사장', '장사', '분', '손', '편지', '진짜', '또', '어요', '아이스크림', '한스', '쿱', '추가', '돼지', '여름', '빙수', '옥길동', '토', '프레', '소로', '이루', '어', '주말', '토', '프레', '소의', '음료', '애완동물', '인적', '꿀', '딸기', '라떼', '꿀', '자몽', '허니', '블랙', '티꿀', '망고', '라떼', '밀크티', '애완동물', '애완동물', '애완동물', '애완동물', '애완동물', '애완동물', '애완동물', '애완동물', '애완동물', '애완동물', '추천', '카야', '토스트', '진짜', '환상', '박수', '맛', '망고', '빙수', '파인애플', '망고', '조합', '예술', '얼음', '우유', '얼음', '의조', '합', '살살', '위', '망고', '파인애플', '토핑', '이아', '낌', '어요', '고', '아이스크림', '싸구려', '맛', '고급', '진맛그', '래서', '수', '한스', '쿱', '더', '추가', '햇', '어요', '카야', '토스트', '이야기', '하자', '그냥', '이건', '과자', '고', '빵', '바삭', '바삭', '사사', '삭', '카야', '맛', '데', '여기', '싱가폴', '인지', '한국인', '지하', '맛', '그냥', '가짜', '니', '망고', '시작', '아메리카노', '리카', '노리', '카노', '리카', '노리', '카노', '리카', '노', '캔', '제작', '토', '프레', '소재', '생', '수', '화질', '선택', '옵션', '자동', '접기', '옥길동', '토', '프레', '소', '배달', '직접', '어도', '대대', '대대', '대대', '인', '옥길동', '토', '프레', '널', '행복', '다사', '동안', '주시', '오경', '기', '부천시', '양지', '로번', '길', '층', '토', '프레', '소', '옥길점', '토', '프레', '소', '옥길점', '경기도', '부천시', '양지', '로번', '길', '층', '토', '프레', '소', '옥길점', '예약']","['좋다', '좋다', '많다', '이다', '달콤하다', '아니다', '아니다', '많다', '존맛']"
착한빵별다방,커피전문점,경기 광명시 시청로 49 1층,5,1,0,,https://place.map.kakao.com/27339580,,{},.,1,5,100,2017-08-28 0:00,,"[('빵', 'Noun'), ('맛있다', 'Adjective'), ('가격', 'Noun'), ('좋다', 'Adjective'), ('좋다', 'Adjective')]",,,"['커피', '빵', '가격']","['맛있다', '좋다', '좋다']"
